Match,Action,Time
FC St. Pauli vs RB Leipzig,Váº¢ TÃ€I ğŸ”¥,2026-01-28 02:30:00
Werder Bremen vs TSG Hoffenheim,Váº¢ TÃ€I ğŸ”¥,2026-01-28 02:30:00
Barnet vs Tranmere Rovers,Váº¢ TÃ€I ğŸ”¥,2026-01-28 02:45:00
Cardiff City vs Barnsley,Váº¢ Xá»ˆU â„ï¸,2026-01-28 02:45:00
Barrow vs Oldham Athletic,Váº¢ TÃ€I ğŸ”¥,2026-01-28 02:45:00
Blackpool vs Stockport County FC,Váº¢ Xá»ˆU â„ï¸,2026-01-28 02:45:00
Bolton Wanderers vs Burton Albion,Váº¢ Xá»ˆU â„ï¸,2026-01-28 02:45:00
Newport County vs Accrington Stanley,Váº¢ Xá»ˆU â„ï¸,2026-01-28 02:30:00
FC St. Pauli vs RB Leipzig,Váº¢ TÃ€I ğŸ”¥,2026-01-28 02:30:00
Werder Bremen vs TSG Hoffenheim,Váº¢ TÃ€I ğŸ”¥,2026-01-28 02:30:00
Cardiff City vs Barnsley,Váº¢ Xá»ˆU â„ï¸,2026-01-28 02:45:00
Barrow vs Oldham Athletic,Váº¢ TÃ€I ğŸ”¥,2026-01-28 02:45:00
Blackpool vs Stockport County FC,Váº¢ Xá»ˆU â„ï¸,2026-01-28 02:45:00
Bolton Wanderers vs Burton Albion,Váº¢ Xá»ˆU â„ï¸,2026-01-28 02:45:00
FC St. Pauli vs RB Leipzig,Váº¢ Xá»ˆU â„ï¸,2026-01-28 02:30:00
Werder Bremen vs TSG Hoffenheim,Váº¢ TÃ€I ğŸ”¥,2026-01-28 02:30:00
Barnet vs Tranmere Rovers,Váº¢ TÃ€I ğŸ”¥,2026-01-28 02:45:00
Cardiff City vs Barnsley,Váº¢ Xá»ˆU â„ï¸,2026-01-28 02:45:00
Blackpool vs Stockport County FC,Váº¢ Xá»ˆU â„ï¸,2026-01-28 02:45:00
Bolton Wanderers vs Burton Albion,Váº¢ Xá»ˆU â„ï¸,2026-01-28 02:45:00
FC St. Pauli vs RB Leipzig,Váº¢ Xá»ˆU â„ï¸,2026-01-28 02:30:00
Werder Bremen vs TSG Hoffenheim,Váº¢ TÃ€I ğŸ”¥,2026-01-28 02:30:00
Barnet vs Tranmere Rovers,Váº¢ TÃ€I ğŸ”¥,2026-01-28 02:45:00
Cardiff City vs Barnsley,Váº¢ Xá»ˆU â„ï¸,2026-01-28 02:45:00
Blackpool vs Stockport County FC,Váº¢ Xá»ˆU â„ï¸,2026-01-28 02:45:00
Bolton Wanderers vs Burton Albion,Váº¢ Xá»ˆU â„ï¸,2026-01-28 02:45:00
Newport County vs Accrington Stanley,Váº¢ Xá»ˆU â„ï¸,2026-01-28 02:30:00
FC St. Pauli vs RB Leipzig,Váº¢ Xá»ˆU â„ï¸,2026-01-28 02:30:00
Werder Bremen vs TSG Hoffenheim,Váº¢ TÃ€I ğŸ”¥,2026-01-28 02:30:00
Barnet vs Tranmere Rovers,Váº¢ TÃ€I ğŸ”¥,2026-01-28 02:45:00
Cardiff City vs Barnsley,Váº¢ Xá»ˆU â„ï¸,2026-01-28 02:45:00
Barrow vs Oldham Athletic,Váº¢ TÃ€I ğŸ”¥,2026-01-28 02:45:00
Blackpool vs Stockport County FC,Váº¢ Xá»ˆU â„ï¸,2026-01-28 02:45:00
FC St. Pauli vs RB Leipzig,Váº¢ Xá»ˆU â„ï¸,2026-01-28 02:30:00
Werder Bremen vs TSG Hoffenheim,Váº¢ TÃ€I ğŸ”¥,2026-01-28 02:30:00
Cardiff City vs Barnsley,Váº¢ Xá»ˆU â„ï¸,2026-01-28 02:45:00
Blackpool vs Stockport County FC,Váº¢ Xá»ˆU â„ï¸,2026-01-28 02:45:00
FC St. Pauli vs RB Leipzig,Váº¢ Xá»ˆU â„ï¸,2026-01-28 02:30:00
Werder Bremen vs TSG Hoffenheim,Váº¢ TÃ€I ğŸ”¥,2026-01-28 02:30:00
Cardiff City vs Barnsley,Váº¢ Xá»ˆU â„ï¸,2026-01-28 02:45:00
Blackpool vs Stockport County FC,Váº¢ Xá»ˆU â„ï¸,2026-01-28 02:45:00
Newport County vs Accrington Stanley,Váº¢ Xá»ˆU â„ï¸,2026-01-28 02:30:00
FC St. Pauli vs RB Leipzig,Váº¢ Xá»ˆU â„ï¸,2026-01-28 02:30:00
Werder Bremen vs TSG Hoffenheim,Váº¢ TÃ€I ğŸ”¥,2026-01-28 02:30:00
Cardiff City vs Barnsley,Váº¢ Xá»ˆU â„ï¸,2026-01-28 02:45:00
Blackpool vs Stockport County FC,Váº¢ Xá»ˆU â„ï¸,2026-01-28 02:45:00
Newport County vs Accrington Stanley,Váº¢ Xá»ˆU â„ï¸,2026-01-28 02:30:00
FC St. Pauli vs RB Leipzig,Váº¢ Xá»ˆU â„ï¸,2026-01-28 02:30:00
Werder Bremen vs TSG Hoffenheim,Váº¢ TÃ€I ğŸ”¥,2026-01-28 02:30:00
Cardiff City vs Barnsley,Váº¢ Xá»ˆU â„ï¸,2026-01-28 02:45:00
Blackpool vs Stockport County FC,Váº¢ Xá»ˆU â„ï¸,2026-01-28 02:45:00
Bolton Wanderers vs Burton Albion,Váº¢ TÃ€I ğŸ”¥,2026-01-28 02:45:00
AtlÃ©tico HuracÃ¡n vs Independiente Rivadavia,BáºªY TX,Váº¢ TÃ€I,1.5,WAITING
Gimnasia Mendoza vs San Lorenzo,BáºªY TX,Váº¢ TÃ€I,1.5,WAITING
AtlÃ©tico Tucuman vs Central CÃ³rdoba,BáºªY TX,Váº¢ TÃ€I,1.5,WAITING
Newells Old Boys vs Independiente,BáºªY TX,Váº¢ TÃ€I,1.5,WAITING
AtlÃ©tico HuracÃ¡n vs Independiente Rivadavia,Dá»¤ TÃ€I,THEO DÃ•I Xá»ˆU,1.5,WAITING
Gimnasia Mendoza vs San Lorenzo,Dá»¤ TÃ€I,THEO DÃ•I Xá»ˆU,1.5,WAITING
AtlÃ©tico Tucuman vs Central CÃ³rdoba,Dá»¤ TÃ€I,THEO DÃ•I Xá»ˆU,1.5,WAITING
Newells Old Boys vs Independiente,Dá»¤ TÃ€I,THEO DÃ•I Xá»ˆU,1.5,WAITING
AtlÃ©tico HuracÃ¡n vs Independiente Rivadavia,Dá»¤ TÃ€I,THEO DÃ•I Xá»ˆU,1.5,WAITING
Gimnasia Mendoza vs San Lorenzo,Dá»¤ TÃ€I,THEO DÃ•I Xá»ˆU,1.5,WAITING
AtlÃ©tico Tucuman vs Central CÃ³rdoba,Dá»¤ TÃ€I,THEO DÃ•I Xá»ˆU,1.5,WAITING
Newells Old Boys vs Independiente,Dá»¤ TÃ€I,THEO DÃ•I Xá»ˆU,1.5,WAITING
AtlÃ©tico HuracÃ¡n vs Independiente Rivadavia,Dá»¤ TÃ€I,THEO DÃ•I Xá»ˆU,1.5,WAITING
Gimnasia Mendoza vs San Lorenzo,Dá»¤ TÃ€I,THEO DÃ•I Xá»ˆU,1.5,WAITING
AtlÃ©tico Tucuman vs Central CÃ³rdoba,Dá»¤ TÃ€I,THEO DÃ•I Xá»ˆU,1.5,WAITING
Newells Old Boys vs Independiente,Dá»¤ TÃ€I,THEO DÃ•I Xá»ˆU,1.5,WAITING
AtlÃ©tico Tucuman vs Central CÃ³rdoba,Dá»¤ TÃ€I,THEO DÃ•I Xá»ˆU,1.5,WAITING
Newells Old Boys vs Independiente,Dá»¤ TÃ€I,THEO DÃ•I Xá»ˆU,1.5,WAITING
AS Monaco vs Juventus,BáºªY CHáº¤P,THEO DÃ•I CHáº¤P,0.0,WAITING
AS Monaco vs Juventus,None,Váº¢ TÃ€I,2.5,WAITING
Ajax vs Olympiakos Piraeus,BáºªY CHáº¤P,THEO DÃ•I CHáº¤P,0.5,WAITING
Ajax vs Olympiakos Piraeus,None,Váº¢ TÃ€I,2.5,WAITING
Aldosivi Mar del Plata vs Barracas Central,Dá»¤ TÃ€I,THEO DÃ•I Xá»ˆU,1.5,WAITING
Arsenal vs FC Kairat,BáºªY CHáº¤P,THEO DÃ•I CHáº¤P,3.5,WAITING
Union Saint-Gilloise vs Atalanta BC,BáºªY CHáº¤P,THEO DÃ•I CHáº¤P,0.5,WAITING
Union Saint-Gilloise vs Atalanta BC,None,Váº¢ TÃ€I,2.5,WAITING
Athletic Bilbao vs Sporting Lisbon,BáºªY CHáº¤P,THEO DÃ•I CHáº¤P,0.0,WAITING
AtlÃ©tico Madrid vs BodÃ¸/Glimt,BáºªY CHáº¤P,THEO DÃ•I CHáº¤P,1.5,WAITING
AtlÃ©tico Madrid vs BodÃ¸/Glimt,None,Váº¢ TÃ€I,3.5,WAITING
Barcelona vs FC Copenhagen,None,Váº¢ Xá»ˆU,4.5,WAITING
AS Monaco vs Juventus,BáºªY CHáº¤P,THEO DÃ•I CHáº¤P,0.0,WAITING
AS Monaco vs Juventus,None,Váº¢ TÃ€I,2.5,WAITING
Ajax vs Olympiakos Piraeus,BáºªY CHáº¤P,THEO DÃ•I CHáº¤P,0.5,WAITING
Ajax vs Olympiakos Piraeus,None,Váº¢ TÃ€I,2.5,WAITING
Aldosivi Mar del Plata vs Barracas Central,Dá»¤ TÃ€I,THEO DÃ•I Xá»ˆU,1.5,WAITING
Arsenal vs FC Kairat,BáºªY CHáº¤P,THEO DÃ•I CHáº¤P,3.5,WAITING
Union Saint-Gilloise vs Atalanta BC,BáºªY CHáº¤P,THEO DÃ•I CHáº¤P,0.5,WAITING
Union Saint-Gilloise vs Atalanta BC,None,Váº¢ TÃ€I,2.5,WAITING
AtlÃ©tico Madrid vs BodÃ¸/Glimt,BáºªY CHáº¤P,THEO DÃ•I CHáº¤P,1.5,WAITING
AtlÃ©tico Madrid vs BodÃ¸/Glimt,None,Váº¢ TÃ€I,3.5,WAITING
Barcelona vs FC Copenhagen,None,Váº¢ Xá»ˆU,4.5,WAITING
AS Monaco vs Juventus,BáºªY CHáº¤P,THEO DÃ•I CHáº¤P,0.0,WAITING
AS Monaco vs Juventus,None,Váº¢ TÃ€I,2.5,WAITING
Ajax vs Olympiakos Piraeus,BáºªY CHáº¤P,THEO DÃ•I CHáº¤P,0.5,WAITING
Ajax vs Olympiakos Piraeus,None,Váº¢ TÃ€I,2.5,WAITING
Aldosivi Mar del Plata vs Barracas Central,Dá»¤ TÃ€I,THEO DÃ•I Xá»ˆU,1.5,WAITING
Arsenal vs FC Kairat,BáºªY CHáº¤P,THEO DÃ•I CHáº¤P,3.5,WAITING
Union Saint-Gilloise vs Atalanta BC,BáºªY CHáº¤P,THEO DÃ•I CHáº¤P,0.5,WAITING
Union Saint-Gilloise vs Atalanta BC,None,Váº¢ TÃ€I,2.5,WAITING
AtlÃ©tico Madrid vs BodÃ¸/Glimt,BáºªY CHáº¤P,THEO DÃ•I CHáº¤P,1.5,WAITING
AtlÃ©tico Madrid vs BodÃ¸/Glimt,None,Váº¢ TÃ€I,3.5,WAITING
Barcelona vs FC Copenhagen,None,Váº¢ Xá»ˆU,4.5,WAITING
